availability,price,rating,title
In stock (20 available),£50.10,star-rating One,Soumission
In stock (20 available),£54.23,star-rating Five,Sapiens: A Brief History of Humankind
In stock (20 available),£53.74,star-rating One,Tipping the Velvet
In stock (22 available),£51.77,star-rating Three,A Light in the Attic
In stock (20 available),£47.82,star-rating Four,Sharp Objects
In stock (19 available),£45.17,star-rating Two,It's Only the Himalayas
In stock (19 available),£51.33,star-rating Two,Libertarianism for Beginners
In stock (19 available),£23.88,star-rating One,Olio
In stock (19 available),£37.59,star-rating One,Mesaerion: The Best Science Fiction Stories 1800-1849
In stock (19 available),£57.25,star-rating Three,"Our Band Could Be Your Life: Scenes from the American Indie Underground, 1981-1991"
In stock (19 available),£35.02,star-rating Five,Rip it Up and Start Again
In stock (19 available),£52.29,star-rating Five,Scott Pilgrim's Precious Little Life (Scott Pilgrim #1)
In stock (15 available),£19.19,star-rating Five,Dark Notes
In stock (15 available),£36.58,star-rating One,Amid the Chaos
In stock (19 available),£17.46,star-rating Five,Set Me Free
In stock (15 available),£10.97,star-rating One,The Long Shadow of Small Ghosts: Murder and Memory in an American City
In stock (19 available),£20.66,star-rating Four,Shakespeare's Sonnets
In stock (19 available),£13.99,star-rating Two,"Starving Hearts (Triangular Trade Trilogy, #1)"
In stock (19 available),£52.15,star-rating One,The Black Maria
In stock (9 available),£54.81,star-rating Five,Suzie Snowflake: One beautiful flake (a self-esteem story)
In stock (8 available),£58.33,star-rating Three,Silence in the Dark (Logan Point #4)
In stock (6 available),£15.79,star-rating One,The Girl You Left Behind (The Girl You Left Behind #1)
In stock (7 available),£25.77,star-rating One,Blue Like Jazz: Nonreligious Thoughts on Christian Spirituality
In stock (16 available),£54.00,star-rating Five,(Un)Qualified: How God Uses Broken People to Do Big Things
In stock (14 available),£47.72,star-rating Two,Crazy Love: Overwhelmed by a Relentless God
In stock (14 available),£29.87,star-rating Five,All the Light We Cannot See
In stock (8 available),£35.88,star-rating One,The Grownup
In stock (17 available),£33.63,star-rating Two,You can't bury them all: Poems
In stock (18 available),£18.02,star-rating Two,Maude (1883-1993):She Grew Up with the country
In stock (18 available),£19.63,star-rating One,"In a Dark, Dark Wood"
In stock (18 available),£52.22,star-rating Four,Behind Closed Doors
In stock (18 available),£15.94,star-rating Five,Sophie's World
In stock (18 available),£33.29,star-rating Three,Penny Maybe
In stock (18 available),£36.89,star-rating One,The Bear and the Piano
In stock (18 available),£23.82,star-rating Five,The Elephant Tree
In stock (18 available),£31.05,star-rating Three,The Five Love Languages: How to Express Heartfelt Commitment to Your Mate
In stock (18 available),£17.66,star-rating Five,The Four Agreements: A Practical Guide to Personal Freedom
In stock (18 available),£44.18,star-rating Four,Wall and Piece
In stock (18 available),£40.30,star-rating Five,Worlds Elsewhere: Journeys Around Shakespeare’s Globe
In stock (5 available),£13.12,star-rating Two,Logan Kade (Fallen Crest High #5.5)
In stock (16 available),£46.35,star-rating One,Online Marketing for Busy Authors: A Step-By-Step Guide
In stock (14 available),£52.15,star-rating Three,"Overload: How to Unplug, Unwind, and Unleash Yourself from the Pressure of Stress"
In stock (16 available),£46.03,star-rating One,How to Be Miserable: 40 Strategies You Already Use
In stock (7 available),£12.08,star-rating Three,You Are a Badass: How to Stop Doubting Your Greatness and Start Living an Awesome Life
In stock (6 available),£46.49,star-rating Five,How to Stop Worrying and Start Living
In stock (19 available),£53.13,star-rating Three,Aladdin and His Wonderful Lamp
In stock (19 available),£22.50,star-rating Three,America's Cradle of Quarterbacks: Western Pennsylvania's Football Factory from Johnny Unitas to Joe Montana
In stock (11 available),£21.15,star-rating Two,"Setting the World on Fire: The Brief, Astonishing Life of St. Catherine of Siena"
In stock (7 available),£39.55,star-rating One,The Faith of Christopher Hitchens: The Restless Soul of the World's Most Notorious Atheist
In stock (7 available),£48.19,star-rating Three,Benjamin Franklin: An American Life
In stock (3 available),£42.57,star-rating Three,The Rise of Theodore Roosevelt (Theodore Roosevelt #1)
In stock (6 available),£30.54,star-rating One,The Great Railway Bazaar
In stock (7 available),£44.34,star-rating Two,A Summer In Europe
In stock (6 available),£56.88,star-rating Four,A Year in Provence (Provence #1)
In stock (3 available),£23.21,star-rating One,The Road to Little Dribbling: Adventures of an American in Britain (Notes From a Small Island #2)
In stock (7 available),£51.17,star-rating Five,Leave This Song Behind: Teen Poetry at Its Best
In stock (5 available),£17.49,star-rating Five,Booked
In stock (1 available),£30.95,star-rating Four,Twenty Love Poems and a Song of Despair
In stock (4 available),£59.71,star-rating Three,The Bone Hunters (Lexy Vaughan & Steven Macaulay #2)
In stock (15 available),£21.87,star-rating Four,You Are What You Love: The Spiritual Power of Habit
In stock (1 available),£15.40,star-rating One,"Vampire Knight, Vol. 1 (Vampire Knight #1)"
In stock (6 available),£15.42,star-rating Five,The Collected Poems of W.B. Yeats (The Collected Works of W.B. Yeats #1)
In stock (5 available),£38.77,star-rating Four,The Crossover
In stock (5 available),£38.40,star-rating One,This Is Your Brain on Music: The Science of a Human Obsession
In stock (16 available),£32.24,star-rating Five,The Activist's Tao Te Ching: Ancient Advice for a Modern Revolution
In stock (4 available),£12.36,star-rating Three,"Orchestra of Exiles: The Story of Bronislaw Huberman, the Israel Philharmonic, and the One Thousand Jews He Saved from Nazi Horrors"
In stock (15 available),£37.80,star-rating Two,Chasing Heaven: What Dying Taught Me About Living
In stock (7 available),£46.33,star-rating Two,Unreasonable Hope: Finding Faith in the God Who Brings Purpose to Your Pain
In stock (9 available),£20.91,star-rating One,If I Gave You God's Phone Number....: Searching for Spirituality in America
In stock (4 available),£55.65,star-rating Five,A New Earth: Awakening to Your Life's Purpose
In stock (4 available),£34.93,star-rating Two,Far From True (Promise Falls Trilogy #2)
In stock (15 available),£49.43,star-rating Four,Full Moon over Noah’s Ark: An Odyssey to Mount Ararat and Beyond
In stock (14 available),£48.87,star-rating Three,See America: A Celebration of Our National Parks & Treasured Sites
In stock (8 available),£36.94,star-rating Two,Vagabonding: An Uncommon Guide to the Art of Long-Term World Travel
In stock (14 available),£46.78,star-rating Four,salt.
In stock (15 available),£41.05,star-rating One,Night Sky with Exit Wounds
In stock (8 available),£29.04,star-rating Five,Les Fleurs du Mal
In stock (14 available),£50.89,star-rating Five,"Quarter Life Poetry: Poems for the Young, Broke and Hangry"
In stock (8 available),£40.45,star-rating Two,Howl and Other Poems
In stock (8 available),£53.64,star-rating Five,Out of Print: City Lights Spotlight No. 14
In stock (7 available),£37.33,star-rating Three,Under the Tuscan Sun
In stock (11 available),£21.59,star-rating Five,Born for This: How to Find the Work You Were Meant to Do
In stock (14 available),£18.03,star-rating One,Love Is a Mix Tape (Music #1)
In stock (15 available),£12.23,star-rating Two,So You've Been Publicly Shamed
In stock (5 available),£22.54,star-rating One,Maybe Something Beautiful: How Art Transformed a Neighborhood
In stock (8 available),£45.05,star-rating Five,Kill 'Em and Leave: Searching for James Brown and the American Soul
In stock (8 available),£31.19,star-rating Four,Please Kill Me: The Uncensored Oral History of Punk
In stock (7 available),£52.60,star-rating Two,"Chronicles, Vol. 1"
In stock (3 available),£48.77,star-rating One,The Thing About Jellyfish
In stock (3 available),£56.07,star-rating Three,The Wild Robot
In stock (3 available),£43.59,star-rating Five,The Lonely Ones
In stock (3 available),£26.33,star-rating Five,The Day the Crayons Came Home (Crayons)
In stock (14 available),£43.61,star-rating Five,You (You #1)
In stock (14 available),£39.24,star-rating One,The 14th Colony (Cotton Malone #11)
In stock (14 available),£13.82,star-rating Two,The Guilty (Will Robie #4)
In stock (16 available),£37.97,star-rating Two,"Don't Be a Jerk: And Other Practical Advice from Dogen, Japan's Greatest Zen Master"
In stock (5 available),£31.49,star-rating Four,Killing Floor (Jack Reacher #1)
In stock (6 available),£18.32,star-rating Two,Give It Back
In stock (15 available),£12.61,star-rating Five,The Third Wave: An Entrepreneur’s Vision of the Future
In stock (15 available),£27.55,star-rating Three,The 10% Entrepreneur: Live Your Startup Dream Without Quitting Your Day Job
In stock (15 available),£23.99,star-rating Two,Shoe Dog: A Memoir by the Creator of NIKE
In stock (12 available),£43.14,star-rating One,Quench Your Own Thirst: Business Lessons Learned Over a Beer or Two
In stock (11 available),£21.00,star-rating Three,The Art of Startup Fundraising
In stock (15 available),£14.19,star-rating Four,Poems That Make Grown Women Cry
In stock (14 available),£38.85,star-rating Five,Made to Stick: Why Some Ideas Survive and Others Die
In stock (8 available),£36.91,star-rating One,The E-Myth Revisited: Why Most Small Businesses Don't Work and What to Do About It
In stock (14 available),£53.95,star-rating Three,Luis Paints the World
In stock (9 available),£25.08,star-rating One,Nap-a-Roo
In stock (7 available),£35.96,star-rating Four,The Whale
In stock (7 available),£34.41,star-rating Two,Raymie Nightingale
In stock (7 available),£52.87,star-rating Three,"Shrunken Treasures: Literary Classics, Short, Sweet, and Silly"
In stock (7 available),£32.38,star-rating One,Playing from the Heart
In stock (16 available),£30.81,star-rating One,Algorithms to Live By: The Computer Science of Human Decisions
In stock (16 available),£29.14,star-rating Five,Call the Nurse: True Stories of a Country Nurse on a Scottish Isle
In stock (15 available),£43.54,star-rating Two,The Power of Now: A Guide to Spiritual Enlightenment
In stock (15 available),£17.24,star-rating One,The Genius of Birds
In stock (7 available),£51.74,star-rating One,"Rich Dad, Poor Dad"
In stock (15 available),£38.21,star-rating Two,The Omnivore's Dilemma: A Natural History of Four Meals
In stock (15 available),£38.49,star-rating Five,The Artist's Way: A Spiritual Path to Higher Creativity
In stock (3 available),£33.92,star-rating Three,The Lean Startup: How Today's Entrepreneurs Use Continuous Innovation to Create Radically Successful Businesses
In stock (3 available),£44.88,star-rating Two,Rework
In stock (3 available),£15.77,star-rating One,The Travelers
In stock (15 available),£20.47,star-rating Five,Redeeming Love
In stock (15 available),£49.46,star-rating Four,Close to You
In stock (7 available),£28.77,star-rating Two,Like Never Before (Walker Family #2)
In stock (8 available),£39.67,star-rating Five,Shadows of the Past (Logan Point #1)
In stock (7 available),£17.97,star-rating Five,Counted With the Stars (Out from Egypt #1)
In stock (3 available),£49.97,star-rating Four,If I Run (If I Run #1)
In stock (15 available),£58.08,star-rating Four,The White Cat and the Monk: A Retelling of the Poem “Pangur Bán”
In stock (15 available),£13.47,star-rating Three,Little Red
In stock (16 available),£37.13,star-rating One,The Gutsy Girl: Escapades for Your Life of Epic Adventure
In stock (16 available),£19.83,star-rating Two,Reskilling America: Learning to Labor in the Twenty-First Century
In stock (16 available),£22.00,star-rating Four,In the Country We Love: My Family Divided
In stock (16 available),£41.83,star-rating Four,Spark Joy: An Illustrated Master Class on the Art of Organizing and Tidying Up
In stock (16 available),£56.06,star-rating One,The Electric Pencil: Drawings from Inside State Hospital No. 3
In stock (14 available),£22.08,star-rating Two,Twenty Yawns
In stock (16 available),£54.35,star-rating Two,Everydata: The Misinformation Hidden in the Little Data You Consume Every Day
In stock (14 available),£12.96,star-rating Five,Walt Disney's Alice in Wonderland
In stock (14 available),£23.57,star-rating Three,Rain Fish
In stock (14 available),£18.28,star-rating Two,Once Was a Time
In stock (3 available),£24.04,star-rating One,We Are All Completely Beside Ourselves
In stock (14 available),£30.03,star-rating Five,God: The Most Unpleasant Character in All Fiction
In stock (14 available),£52.79,star-rating Five,Someone Like You (The Harrisons #2)
In stock (1 available),£57.49,star-rating Three,The Bhagavad Gita
In stock (9 available),£24.57,star-rating Three,The Book of Mormon
In stock (4 available),£27.62,star-rating One,"A History of God: The 4,000-Year Quest of Judaism, Christianity, and Islam"
In stock (12 available),£20.10,star-rating Five,Everyday Italian: 125 Simple and Delicious Recipes
In stock (11 available),£20.50,star-rating Three,Cravings: Recipes for What You Want to Eat
In stock (12 available),£38.77,star-rating One,"A la Mode: 120 Recipes in 60 Pairings: Pies, Tarts, Cakes, Crisps, and More Topped with Ice Cream, Gelato, Frozen Custard, and More"
In stock (8 available),£53.63,star-rating Two,32 Yolks
In stock (9 available),£12.34,star-rating Four,"The Moosewood Cookbook: Recipes from Moosewood Restaurant, Ithaca, New York"
In stock (7 available),£11.38,star-rating Five,"Naturally Lean: 125 Nourishing Gluten-Free, Plant-Based Recipes--All Under 300 Calories"
In stock (15 available),£16.85,star-rating Two,Louisa: The Extraordinary Life of Mrs. Adams
In stock (1 available),£28.42,star-rating Four,Choosing Our Religion: The Spiritual Lives of America's Nones
In stock (16 available),£16.77,star-rating Three,The Life-Changing Magic of Tidying Up: The Japanese Art of Decluttering and Organizing
In stock (14 available),£41.56,star-rating One,My Name Is Lucy Barton
In stock (14 available),£24.48,star-rating Three,My Mrs. Brown
In stock (14 available),£10.60,star-rating Four,I Am Pilgrim (Pilgrim #1)
In stock (14 available),£28.90,star-rating One,Mr. Mercedes (Bill Hodges Trilogy #1)
In stock (4 available),£20.02,star-rating Five,No One Here Gets Out Alive
In stock (1 available),£43.19,star-rating Four,The Story of Hong Gildong
In stock (14 available),£27.09,star-rating Three,Eligible (The Austen Project #4)
In stock (1 available),£45.42,star-rating Two,The Little Prince
In stock (1 available),£37.46,star-rating One,Sense and Sensibility
In stock (1 available),£55.53,star-rating One,Alice in Wonderland (Alice's Adventures in Wonderland #1)
In stock (1 available),£32.93,star-rating Two,Emma
In stock (1 available),£47.11,star-rating Two,Of Mice and Men
In stock (3 available),£38.95,star-rating Three,Neither Here nor There: Travels in Europe
In stock (1 available),£26.08,star-rating Five,"1,000 Places to See Before You Die"
In stock (2 available),£31.58,star-rating Five,Life
In stock (15 available),£42.16,star-rating Three,"Deliciously Ella Every Day: Quick and Easy Recipes for Gluten-Free Snacks, Packed Lunches, and Simple Meals"
In stock (14 available),£28.77,star-rating Three,The Help Yourself Cookbook for Kids: 60 Easy Plant-Based Recipes Kids Can Make to Stay Healthy and Save the Earth
In stock (14 available),£28.01,star-rating One,Barefoot Contessa Back to Basics
In stock (14 available),£19.55,star-rating One,"It's All Easy: Healthy, Delicious Weeknight Meals in under 30 Minutes"
In stock (14 available),£50.62,star-rating Five,Barefoot Contessa at Home: Everyday Recipes You'll Make Over and Over Again
In stock (1 available),£55.66,star-rating Two,Old Records Never Die: One Man's Quest for His Vinyl and His Past
In stock (1 available),£28.80,star-rating Three,Forever Rockers (The Rocker #12)
In stock (13 available),£11.53,star-rating Two,My Kitchen Year: 136 Recipes That Saved My Life
In stock (4 available),£57.22,star-rating Three,Animal Farm
In stock (3 available),£17.73,star-rating Three,Wuthering Heights
In stock (3 available),£29.70,star-rating Two,The Picture of Dorian Gray
In stock (3 available),£38.35,star-rating Two,Beowulf
In stock (3 available),£26.78,star-rating Four,The Complete Stories and Poems (The Works of Edgar Allan Poe [Cameo Edition])
In stock (14 available),£27.88,star-rating Five,The Time Keeper
In stock (14 available),£52.67,star-rating Four,The Testament of Mary
In stock (3 available),£35.01,star-rating Two,And Then There Were None
In stock (14 available),£25.85,star-rating Three,The First Hostage (J.B. Collins #2)
In stock (14 available),£45.21,star-rating Three,Take Me with You
In stock (15 available),£37.60,star-rating Two,The Love and Lemons Cookbook: An Apple-to-Zucchini Celebration of Impromptu Cooking
In stock (15 available),£37.34,star-rating Five,The Nerdy Nummies Cookbook: Sweet Treats for the Geek in All of Us
In stock (16 available),£33.37,star-rating Two,My Paris Kitchen: Recipes and Stories
In stock (16 available),£40.11,star-rating One,"Layered: Baking, Building, and Styling Spectacular Cakes"
In stock (16 available),£14.02,star-rating Four,"Mama Tried: Traditional Italian Cooking for the Screwed, Crude, Vegan, and Tattooed"
In stock (15 available),£41.25,star-rating One,The Cookies & Cups Cookbook: 125+ sweet & savory recipes reminding you to Always Eat Dessert First
In stock (14 available),£26.41,star-rating Three,Still Life with Bread Crumbs
In stock (14 available),£55.84,star-rating Four,Shtum
In stock (5 available),£28.58,star-rating One,The Metamorphosis
In stock (4 available),£50.26,star-rating Two,The Pilgrim's Progress
In stock (4 available),£14.82,star-rating Two,The Hound of the Baskervilles (Sherlock Holmes #5)
In stock (4 available),£28.07,star-rating Four,Little Women (Little Women #1)
In stock (4 available),£32.49,star-rating Three,Gone with the Wind
In stock (4 available),£58.63,star-rating Three,Candide
In stock (16 available),£54.11,star-rating Three,The Murder That Never Was (Forensic Instincts #5)
In stock (15 available),£21.04,star-rating Two,Tuesday Nights in 1980
In stock (15 available),£42.15,star-rating Four,The Vacationers
In stock (15 available),£53.53,star-rating Five,Finders Keepers (Bill Hodges Trilogy #2)
In stock (15 available),£51.36,star-rating Five,The Regional Office Is Under Attack!
In stock (3 available),£57.35,star-rating Five,"The Disappearing Spoon: And Other True Tales of Madness, Love, and the History of the World from the Periodic Table of the Elements"
In stock (5 available),£16.28,star-rating Two,Peak: Secrets from the New Science of Expertise
In stock (3 available),£13.03,star-rating Four,"The Elegant Universe: Superstrings, Hidden Dimensions, and the Quest for the Ultimate Theory"
In stock (5 available),£55.91,star-rating Four,The Hiding Place
In stock (5 available),£51.22,star-rating Two,America's War for the Greater Middle East: A Military History
In stock (3 available),£14.54,star-rating Two,The Guns of August
In stock (3 available),£30.60,star-rating Four,Seven Brief Lessons on Physics
In stock (1 available),£29.45,star-rating One,The Selfish Gene
In stock (3 available),£43.70,star-rating Two,"House of Lost Worlds: Dinosaurs, Dynasties, and the Story of Life on Earth"
In stock (3 available),£25.83,star-rating Two,"Surely You're Joking, Mr. Feynman!: Adventures of a Curious Character"
In stock (16 available),£54.63,star-rating Three,I am a Hero Omnibus Volume 1
In stock (16 available),£22.11,star-rating Two,"Giant Days, Vol. 2 (Giant Days #5-8)"
In stock (16 available),£51.99,star-rating Four,Danganronpa Volume 1
In stock (1 available),£29.82,star-rating One,Bridget Jones's Diary (Bridget Jones #1)
In stock (16 available),£36.72,star-rating Four,"Codename Baboushka, Volume 1: The Conclave of Death"
In stock (3 available),£19.69,star-rating One,I've Got Your Number
In stock (16 available),£17.08,star-rating Four,Camp Midnight
In stock (1 available),£19.18,star-rating Four,The Edge of Reason (Bridget Jones #2)
In stock (12 available),£37.55,star-rating One,Tipping Point for Planet Earth: How Close Are We to the Edge?
In stock (14 available),£44.74,star-rating Four,Sorting the Beef from the Bull: The Science of Food Fraud Forensics
In stock (8 available),£11.45,star-rating Three,Brilliant Beacons: A History of the American Lighthouse
In stock (8 available),£44.48,star-rating Five,"""Most Blessed of the Patriarchs"": Thomas Jefferson and the Empire of the Imagination"
In stock (7 available),£52.40,star-rating Five,A Short History of Nearly Everything
In stock (6 available),£39.67,star-rating Two,The Rise and Fall of the Third Reich: A History of Nazi Germany
In stock (6 available),£58.55,star-rating Four,Catherine the Great: Portrait of a Woman
In stock (5 available),£42.91,star-rating Five,The Mathews Men: Seven Brothers and the War Against Hitler's U-boats
In stock (9 available),£55.91,star-rating One,"The Fabric of the Cosmos: Space, Time, and the Texture of Reality"
In stock (8 available),£28.41,star-rating One,Diary of a Citizen Scientist: Chasing Tiger Beetles and Other New Ways of Engaging the World
In stock (16 available),£15.44,star-rating Four,"Outcast, Vol. 1: A Darkness Surrounds Him (Outcast #1)"
In stock (16 available),£48.41,star-rating One,orange: The Complete Collection 1 (orange: The Complete Collection #1)
In stock (16 available),£46.91,star-rating Two,"Lumberjanes, Vol. 2: Friendship to the Max (Lumberjanes #5-8)"
In stock (16 available),£45.61,star-rating Three,"Lumberjanes, Vol. 1: Beware the Kitten Holy (Lumberjanes #1-4)"
In stock (16 available),£19.92,star-rating Two,Lumberjanes Vol. 3: A Terrible Plan (Lumberjanes #9-12)
In stock (16 available),£29.17,star-rating Two,"I Hate Fairyland, Vol. 1: Madly Ever After (I Hate Fairyland (Compilations) #1-5)"
In stock (16 available),£50.40,star-rating Three,"Rat Queens, Vol. 3: Demons (Rat Queens (Collected Editions) #11-15)"
In stock (3 available),£42.80,star-rating Two,Twenties Girl
In stock (14 available),£21.80,star-rating Three,1491: New Revelations of the Americas Before Columbus
In stock (15 available),£59.64,star-rating One,Thomas Jefferson and the Tripoli Pirates: The Forgotten War That Changed American History
In stock (16 available),£36.28,star-rating Two,"Political Suicide: Missteps, Peccadilloes, Bad Calls, Backroom Hijinx, Sordid Pasts, Rotten Breaks, and Just Plain Dumb Mistakes in the Annals of American Politics"
In stock (14 available),£14.58,star-rating Three,A Distant Mirror: The Calamitous 14th Century
In stock (14 available),£24.70,star-rating Three,Zealot: The Life and Times of Jesus of Nazareth
In stock (14 available),£50.83,star-rating Three,Catching Jordan (Hundred Oaks)
In stock (14 available),£58.14,star-rating Four,Aristotle and Dante Discover the Secrets of the Universe (Aristotle and Dante Discover the Secrets of the Universe #1)
In stock (12 available),£14.44,star-rating Five,The Epidemic (The Program 0.6)
In stock (16 available),£57.36,star-rating Five,Immunity: How Elie Metchnikoff Changed the Course of Modern Medicine
In stock (3 available),£44.29,star-rating One,The Devil Wears Prada (The Devil Wears Prada #1)
In stock (3 available),£45.75,star-rating Four,The Undomestic Goddess
In stock (12 available),£48.05,star-rating Two,Stars Above (The Lunar Chronicles #4.5)
In stock (3 available),£52.53,star-rating Five,The Nanny Diaries (Nanny #1)
In stock (16 available),£35.67,star-rating Five,Join
In stock (16 available),£53.90,star-rating Two,Judo: Seven Steps to Black Belt (an Introductory Guide for Beginners)
In stock (11 available),£48.49,star-rating Four,Grey (Fifty Shades #4)
In stock (11 available),£20.46,star-rating Four,Keep Me Posted
In stock (7 available),£43.58,star-rating Three,Meternity
In stock (4 available),£48.39,star-rating Five,Shopaholic Ties the Knot (Shopaholic #3)
In stock (4 available),£13.73,star-rating Five,Some Women
In stock (3 available),£49.53,star-rating One,The Guernsey Literary and Potato Peel Pie Society
In stock (4 available),£21.94,star-rating One,Can You Keep a Secret?
In stock (4 available),£49.56,star-rating Four,'Salem's Lot
In stock (14 available),£27.12,star-rating Two,This Is Where It Ends
In stock (14 available),£46.31,star-rating Two,Until Friday Night (The Field Party #1)
In stock (14 available),£55.35,star-rating One,Don't Get Caught
In stock (14 available),£40.36,star-rating One,My Kind of Crazy
In stock (3 available),£57.86,star-rating Two,The Stand
In stock (14 available),£14.36,star-rating Two,Wild Swans
In stock (14 available),£35.35,star-rating Five,The Darkest Lie
In stock (15 available),£27.37,star-rating Four,The Secret (The Secret #1)
In stock (1 available),£44.91,star-rating Two,Settling the Score (The Summer Games #1)
In stock (1 available),£40.44,star-rating Four,Icing (Aces Hockey #2)
In stock (16 available),£28.09,star-rating Two,"Avatar: The Last Airbender: Smoke and Shadow, Part 3 (Smoke and Shadow #3)"
In stock (16 available),£28.81,star-rating Three,Burning
In stock (16 available),£49.46,star-rating Two,Bossypants
In stock (16 available),£37.92,star-rating Two,"Bitch Planet, Vol. 1: Extraordinary Machine (Bitch Planet (Collected Editions))"
In stock (5 available),£31.30,star-rating One,A Girl's Guide to Moving On (New Beginnings #2)
In stock (5 available),£23.37,star-rating Three,Red Dragon (Hannibal Lecter #1)
In stock (5 available),£35.63,star-rating Five,Dracula the Un-Dead
In stock (4 available),£12.75,star-rating Four,Night Shift (Night Shift #1-20)
In stock (4 available),£47.51,star-rating Four,Needful Things
In stock (4 available),£25.01,star-rating Three,It
In stock (5 available),£32.97,star-rating Four,World Without End (The Pillars of the Earth #2)
In stock (4 available),£34.79,star-rating Two,Misery
In stock (4 available),£28.32,star-rating Five,The Passion of Dolssa
In stock (16 available),£56.76,star-rating Five,"A Piece of Sky, a Grain of Rice: A Memoir in Four Meditations"
In stock (16 available),£42.95,star-rating One,A World of Flavor: Your Gluten Free Passport
In stock (15 available),£41.60,star-rating Three,Tracing Numbers on a Train
In stock (15 available),£52.72,star-rating One,Thirteen Reasons Why
In stock (16 available),£28.13,star-rating Four,A Fierce and Subtle Poison
In stock (15 available),£43.55,star-rating Five,Scarlett Epstein Hates It Here
In stock (15 available),£38.28,star-rating One,"Nightingale, Sing"
In stock (15 available),£48.56,star-rating Five,Library of Souls (Miss Peregrine’s Peculiar Children #3)
In stock (14 available),£28.82,star-rating One,Hold Your Breath (Search and Rescue #1)
In stock (12 available),£40.83,star-rating Four,Dirty (Dive Bar #1)
In stock (11 available),£53.98,star-rating Three,Take Me Home Tonight (Rock Star Romance #3)
In stock (11 available),£47.67,star-rating Three,Off the Hook (Fishing for Trouble #1)
In stock (11 available),£14.75,star-rating Five,A Gentleman's Position (Society of Gentlemen #3)
In stock (7 available),£20.90,star-rating Three,"Sit, Stay, Love"
In stock (3 available),£20.79,star-rating Five,Between Shades of Gray
In stock (1 available),£41.32,star-rating Five,While You Were Mine
In stock (12 available),£20.55,star-rating Two,"Love, Lies and Spies"
In stock (14 available),£45.84,star-rating Three,Glory over Everything: Beyond The Kitchen House
In stock (12 available),£39.01,star-rating Four,A Paris Apartment
In stock (11 available),£17.28,star-rating Two,Lilac Girls
In stock (6 available),£37.34,star-rating One,The Invention of Wings
In stock (7 available),£16.62,star-rating Three,The Constant Princess (The Tudor Court #1)
In stock (15 available),£21.36,star-rating One,Follow You Home
In stock (14 available),£23.40,star-rating One,The Loney
In stock (14 available),£40.12,star-rating Two,Doctor Sleep (The Shining #2)
In stock (12 available),£36.97,star-rating Five,Psycho: Sanitarium (Psycho #1.5)
In stock (14 available),£10.56,star-rating Three,Pet Sematary
In stock (12 available),£48.64,star-rating One,Can You Keep a Secret? (Fear Street Relaunch #4)
In stock (1 available),£34.56,star-rating Three,The Secret Healer
In stock (1 available),£25.83,star-rating Three,Starlark
In stock (1 available),£27.70,star-rating Four,Lost Among the Living
In stock (1 available),£16.97,star-rating Five,A Spy's Devotion (The Regency Spies of London #1)
In stock (3 available),£24.72,star-rating Two,Career of Evil (Cormoran Strike #3)
In stock (1 available),£12.29,star-rating Five,The Girl You Lost
In stock (1 available),£57.70,star-rating Four,The No. 1 Ladies' Detective Agency (No. 1 Ladies' Detective Agency #1)
In stock (1 available),£15.85,star-rating Three,The Girl In The Ice (DCI Erika Foster #1)
In stock (1 available),£53.98,star-rating One,1st to Die (Women's Murder Club #1)
In stock (1 available),£20.30,star-rating Three,Blood Defense (Samantha Brinkman #1)
In stock (15 available),£55.99,star-rating Two,Suddenly in Love (Lake Haven #1)
In stock (15 available),£16.24,star-rating Four,Something More Than This
In stock (7 available),£25.55,star-rating One,Toddlers Are A**holes: It's Not Your Fault
In stock (3 available),£30.89,star-rating Five,When You Are Engulfed in Flames
In stock (3 available),£31.69,star-rating Three,Naked
In stock (3 available),£55.50,star-rating Five,"Lamb: The Gospel According to Biff, Christ's Childhood Pal"
In stock (3 available),£51.07,star-rating Two,Holidays on Ice
In stock (7 available),£20.89,star-rating Four,Delivering the Truth (Quaker Midwife Mystery #1)
In stock (15 available),£36.95,star-rating One,The House by the Lake
In stock (15 available),£30.25,star-rating Five,Mrs. Houdini
In stock (14 available),£28.08,star-rating Four,The Marriage of Opposites
In stock (15 available),£35.61,star-rating Three,Doing It Over (Most Likely To #1)
In stock (15 available),£55.85,star-rating One,The Matchmaker's Playbook (Wingmen Inc. #1)
In stock (14 available),£32.61,star-rating Three,The Wedding Pact (The O'Malleys #2)
In stock (1 available),£36.29,star-rating Five,The Hook Up (Game On #1)
In stock (1 available),£58.35,star-rating Three,Shameless
In stock (1 available),£39.45,star-rating Five,Off Sides (Off #1)
In stock (12 available),£26.20,star-rating One,The Midnight Watch: A Novel of the Titanic and the Californian
In stock (6 available),£24.80,star-rating Four,The Mysterious Affair at Styles (Hercule Poirot #1)
In stock (6 available),£38.38,star-rating Two,In the Woods (Dublin Murder Squad #1)
In stock (3 available),£43.45,star-rating Three,The Exiled
In stock (3 available),£23.05,star-rating Five,The Silkworm (Cormoran Strike #2)
In stock (3 available),£25.40,star-rating Three,Extreme Prey (Lucas Davenport #26)
In stock (15 available),£17.44,star-rating Four,The Stranger
In stock (3 available),£19.21,star-rating One,The Cuckoo's Calling (Cormoran Strike #1)
In stock (12 available),£11.84,star-rating One,Hide Away (Eve Duncan #20)
In stock (12 available),£59.48,star-rating Three,Boar Island (Anna Pigeon #19)
In stock (11 available),£27.26,star-rating Two,The Widow
In stock (11 available),£13.71,star-rating Three,Playing with Fire
In stock (7 available),£25.37,star-rating Five,What Happened on Beale Street (Secrets of the South Mysteries #2)
In stock (14 available),£44.07,star-rating One,The Long Haul (Diary of a Wimpy Kid #9)
In stock (7 available),£52.30,star-rating Five,The Bachelor Girl's Guide to Murder (Herringford and Watts Mysteries #1)
In stock (3 available),£15.36,star-rating Five,Fifty Shades Freed (Fifty Shades #3)
In stock (14 available),£20.29,star-rating Four,Cell
In stock (14 available),£34.20,star-rating Two,Angels Walking (Angels Walking #1)
In stock (14 available),£56.48,star-rating Two,"A Series of Catastrophes and Miracles: A True Story of Love, Science, and Cancer"
In stock (14 available),£40.79,star-rating Two,A People's History of the United States
In stock (14 available),£55.51,star-rating One,A Brush of Wings (Angels Walking #3)
In stock (13 available),£37.86,star-rating Four,Rook
In stock (12 available),£32.30,star-rating Five,The Star-Touched Queen
In stock (13 available),£38.73,star-rating One,Searching for Meaning in Gailana
In stock (15 available),£44.28,star-rating One,The Glittering Court (The Glittering Court #1)
In stock (15 available),£44.10,star-rating Four,The Murder of Roger Ackroyd (Hercule Poirot #4)
In stock (15 available),£10.65,star-rating One,The Project
In stock (15 available),£33.14,star-rating One,The Shadow Hero (The Shadow Hero)
In stock (7 available),£39.61,star-rating Five,King's Folly (The Kinsman Chronicles #1)
In stock (9 available),£56.63,star-rating Three,A Shard of Ice (The Black Symphony Saga #1)
In stock (15 available),£43.29,star-rating Three,The Mistake (Off-Campus #2)
In stock (3 available),£12.91,star-rating Four,Running with Scissors
In stock (3 available),£11.87,star-rating Two,Lust & Wonder
In stock (3 available),£57.60,star-rating Two,Me Talk Pretty One Day
In stock (3 available),£59.04,star-rating Five,Life Without a Recipe
In stock (3 available),£54.29,star-rating Five,A Heartbreaking Work of Staggering Genius
In stock (3 available),£37.35,star-rating Two,Catastrophic Happiness: Finding Joy in Childhood's Messy Years
In stock (14 available),£10.69,star-rating One,Tastes Like Fear (DI Marnie Rome #3)
In stock (14 available),£25.91,star-rating Five,The White Queen (The Cousins' War #1)
In stock (14 available),£46.02,star-rating Five,The Star-Touched Queen
In stock (14 available),£44.73,star-rating Four,The Bane Chronicles (The Bane Chronicles #1-11)
In stock (14 available),£52.26,star-rating Two,The Hidden Oracle (The Trials of Apollo #1)
In stock (14 available),£29.65,star-rating One,Island of Dragons (Unwanteds #7)
In stock (14 available),£37.51,star-rating Five,Demigods & Magicians: Percy and Annabeth Meet the Kanes (Percy Jackson & Kane Chronicles Crossover #1-3)
In stock (14 available),£37.40,star-rating Five,The Song of Achilles
In stock (14 available),£56.02,star-rating Four,City of Glass (The Mortal Instruments #3)
In stock (15 available),£41.06,star-rating One,Poses for Artists Volume 1 - Dynamic and Sitting Poses: An Essential Reference for Figure Drawing and the Human Form
In stock (15 available),£36.94,star-rating One,Romero and Juliet: A Tragic Tale of Love and Zombies
In stock (15 available),£20.27,star-rating One,Secrets and Lace (Fatal Hearts #1)
In stock (15 available),£29.06,star-rating Three,"Shobu Samurai, Project Aryoku (#3)"
In stock (15 available),£26.12,star-rating Two,Soft Apocalypse
In stock (3 available),£59.95,star-rating Two,Civilization and Its Discontents
In stock (3 available),£31.04,star-rating One,8 Keys to Mental Health Through Exercise
In stock (11 available),£27.18,star-rating One,M Train
In stock (11 available),£40.85,star-rating One,Lab Girl
In stock (15 available),£28.26,star-rating Five,Modern Romance
In stock (5 available),£58.81,star-rating Five,Approval Junkie: Adventures in Caring Too Much
In stock (14 available),£54.21,star-rating Two,The Last Mile (Amos Decker #2)
In stock (14 available),£13.92,star-rating One,That Darkness (Gardiner and Renner #1)
In stock (15 available),£10.93,star-rating Two,The Argonauts
In stock (15 available),£42.98,star-rating One,Hollow City (Miss Peregrine’s Peculiar Children #2)
In stock (15 available),£33.34,star-rating Five,The Art of War
In stock (14 available),£40.67,star-rating Two,The Immortal Life of Henrietta Lacks
In stock (14 available),£48.78,star-rating One,The Dovekeepers
In stock (14 available),£37.61,star-rating Two,More Than Music (Chasing the Dream #1)
In stock (14 available),£22.13,star-rating Four,Code Name Verity (Code Name Verity #1)
In stock (14 available),£48.35,star-rating Five,A Time of Torment (Charlie Parker #14)
In stock (14 available),£37.80,star-rating Four,Buying In: The Secret Dialogue Between What We Buy and Who We Are
In stock (14 available),£51.75,star-rating Five,"Eaternity: More than 150 Deliciously Easy Vegan Recipes for a Long, Healthy, Satisfied, Joyful Life"
In stock (15 available),£37.72,star-rating Five,Done Rubbed Out (Reightman & Bailey #1)
In stock (11 available),£56.27,star-rating Three,It Didn't Start with You: How Inherited Family Trauma Shapes Who We Are and How to End the Cycle
In stock (12 available),£39.43,star-rating One,The Golden Condom: And Other Essays on Love Lost and Found
In stock (1 available),£39.51,star-rating Five,Ways of Seeing
In stock (14 available),£10.40,star-rating One,The Lucifer Effect: Understanding How Good People Turn Evil
In stock (6 available),£21.30,star-rating Three,An Unquiet Mind: A Memoir of Moods and Madness
In stock (3 available),£21.14,star-rating One,"Thinking, Fast and Slow"
In stock (14 available),£56.37,star-rating Five,Abstract City
In stock (14 available),£49.32,star-rating Five,Brain on Fire: My Month of Madness
In stock (15 available),£54.59,star-rating Four,Eureka Trivia 6.0
In stock (15 available),£34.95,star-rating Four,Drive: The Surprising Truth About What Motivates Us
In stock (14 available),£15.06,star-rating Four,"Far & Away: Places on the Brink of Change: Seven Continents, Twenty-Five Years"
In stock (13 available),£27.06,star-rating One,13 Hours: The Inside Account of What Really Happened In Benghazi
In stock (15 available),£41.62,star-rating Four,"Fables, Vol. 1: Legends in Exile (Fables #1)"
In stock (15 available),£29.00,star-rating One,First Steps for New Christians (Print Edition)
In stock (15 available),£19.15,star-rating Two,Large Print Heart of the Pride
In stock (15 available),£22.16,star-rating Two,Grumbles
In stock (14 available),£45.58,star-rating One,Swell: A Year of Waves
In stock (14 available),£37.34,star-rating Four,"Wonder Woman: Earth One, Volume One (Wonder Woman: Earth One #1)"
In stock (15 available),£12.51,star-rating Five,Agnostic: A Spirited Manifesto
In stock (15 available),£50.54,star-rating Five,Amatus
In stock (15 available),£18.46,star-rating Three,Amy Meets the Saints and Sages
In stock (14 available),£49.05,star-rating Three,Feathers: Displays of Brilliant Plumage
In stock (9 available),£48.63,star-rating Four,Art and Fear: Observations on the Perils (and Rewards) of Artmaking
In stock (8 available),£43.02,star-rating Three,The New Drawing on the Right Side of the Brain
In stock (8 available),£10.29,star-rating Four,History of Beauty
In stock (7 available),£41.14,star-rating Four,The Story of Art
In stock (7 available),£32.34,star-rating Two,The Art Book
In stock (15 available),£46.82,star-rating Four,Anonymous
In stock (15 available),£15.48,star-rating Two,Ayumi's Violin
In stock (15 available),£15.38,star-rating Five,Batman: The Dark Knight Returns (Batman)
In stock (14 available),£15.77,star-rating One,The Bad-Ass Librarians of Timbuktu: And Their Race to Save the World’s Most Precious Manuscripts
In stock (14 available),£21.95,star-rating Two,No Dream Is Too High: Life Lessons From a Man Who Walked on the Moon
In stock (15 available),£36.50,star-rating Two,Batman: The Long Halloween (Batman)
In stock (14 available),£29.14,star-rating Five,Looking for Lovely: Collecting the Moments that Matter
In stock (14 available),£26.79,star-rating Five,Let It Out: A Journey Through Journaling
In stock (14 available),£58.79,star-rating Three,Hamilton: The Revolution
In stock (15 available),£11.11,star-rating Two,Beauty Restored (Riley Family Legacy Novellas #3)
In stock (15 available),£30.80,star-rating Three,Big Magic: Creative Living Beyond Fear
In stock (15 available),£27.43,star-rating Two,Becoming Wise: An Inquiry into the Mystery and Art of Living
In stock (14 available),£54.04,star-rating One,The Rosie Project (Don Tillman #1)
In stock (14 available),£44.48,star-rating Five,The Songs of the Gods
In stock (14 available),£56.80,star-rating Four,The Wright Brothers
In stock (2 available),£52.88,star-rating Four,Diary of a Minecraft Zombie Book 1: A Scare of a Dare (An Unofficial Minecraft Book)
In stock (1 available),£28.34,star-rating One,Matilda
In stock (1 available),£22.85,star-rating Three,Charlie and the Chocolate Factory (Charlie Bucket #1)
In stock (14 available),£17.43,star-rating Three,The Literature Book (Big Ideas Simply Explained)
In stock (14 available),£43.04,star-rating Two,The Year of Magical Thinking
In stock (14 available),£45.95,star-rating Two,"Unbroken: A World War II Story of Survival, Resilience, and Redemption"
In stock (14 available),£25.38,star-rating Two,Through the Woods
In stock (14 available),£37.10,star-rating Four,V for Vendetta (V for Vendetta Complete)
In stock (14 available),£53.90,star-rating One,"We Are Robin, Vol. 1: The Vigilante Business (We Are Robin #1)"
In stock (14 available),£19.60,star-rating Two,What's It Like in Space?: Stories from Astronauts Who've Been There
In stock (14 available),£38.20,star-rating Four,Whole Lotta Creativity Going On: 60 Fun and Unusual Exercises to Awaken and Strengthen Your Creativity
In stock (15 available),£19.43,star-rating Three,"Daring Greatly: How the Courage to Be Vulnerable Transforms the Way We Live, Love, Parent, and Lead"
In stock (3 available),£10.62,star-rating One,Counting Thyme
In stock (3 available),£10.66,star-rating Three,Are We There Yet?
In stock (15 available),£10.76,star-rating One,Miss Peregrine’s Home for Peculiar Children (Miss Peregrine’s Peculiar Children #1)
In stock (14 available),£16.73,star-rating Two,A Study in Scarlet (Sherlock Holmes #1)
In stock (12 available),£26.80,star-rating Three,Poisonous (Max Revere Novels #3)
In stock (12 available),£54.36,star-rating Four,Murder at the 42nd Street Library (Raymond Ambler #1)
In stock (12 available),£35.28,star-rating Three,Most Wanted
In stock (14 available),£11.83,star-rating Five,Old School (Diary of a Wimpy Kid #10)
In stock (3 available),£28.54,star-rating Three,Red: The True Story of Red Riding Hood
In stock (14 available),£16.88,star-rating Three,The Power of Habit: Why We Do What We Do in Life and Business
In stock (3 available),£37.52,star-rating Two,Horrible Bear!
In stock (3 available),£10.79,star-rating Four,Green Eggs and Ham (Beginner Books B-16)
In stock (3 available),£16.26,star-rating Two,The Cat in the Hat (Beginner Books B-1)
In stock (8 available),£29.48,star-rating Three,Man's Search for Meaning
In stock (8 available),£21.82,star-rating Three,Rising Strong
In stock (8 available),£25.06,star-rating Two,"Love That Boy: What Two Presidents, Eight Road Trips, and My Son Taught Me About a Parent's Expectations"
In stock (14 available),£25.98,star-rating Four,I Know What I'm Doing -- and Other Lies I Tell Myself: Dispatches from a Life Under Construction
In stock (8 available),£19.22,star-rating Two,Brazen: The Courage to Find the You That's Been Hiding
In stock (8 available),£12.55,star-rating Three,Living Forward: A Proven Plan to Stop Drifting and Get the Life You Want
In stock (14 available),£14.75,star-rating Five,"Hyperbole and a Half: Unfortunate Situations, Flawed Coping Mechanisms, Mayhem, and Other Things That Happened"
In stock (8 available),£44.21,star-rating One,I Will Find You
In stock (15 available),£24.12,star-rating One,The Wedding Dress
In stock (9 available),£43.68,star-rating Three,Dress Your Family in Corduroy and Denim
In stock (7 available),£49.67,star-rating Three,Memoirs of a Geisha
In stock (15 available),£43.30,star-rating Four,"William Shakespeare's Star Wars: Verily, A New Hope (William Shakespeare's Star Wars #4)"
In stock (15 available),£35.07,star-rating Three,Throne of Glass (Throne of Glass #1)
In stock (16 available),£52.37,star-rating One,A Court of Thorns and Roses (A Court of Thorns and Roses #1)
In stock (6 available),£19.02,star-rating One,Me Before You (Me Before You #1)
In stock (1 available),£44.18,star-rating Two,Three Wishes (River of Time: California #1)
In stock (16 available),£16.64,star-rating One,A Murder in Time
In stock (16 available),£55.53,star-rating Five,A Flight of Arrows (The Pathfinders #2)
In stock (9 available),£35.92,star-rating Two,Chernobyl 01:23:40: The Incredible True Story of the World's Worst Nuclear Disaster
In stock (8 available),£17.76,star-rating One,Why Not Me?
In stock (8 available),£28.45,star-rating Four,"The Midnight Assassin: Panic, Scandal, and the Hunt for America's First Serial Killer"
In stock (8 available),£39.36,star-rating Two,When Breath Becomes Air
In stock (8 available),£34.06,star-rating Three,"Zero to One: Notes on Startups, or How to Build the Future"
In stock (8 available),£58.54,star-rating Two,Miller's Valley
In stock (8 available),£38.89,star-rating Five,Smarter Faster Better: The Secrets of Being Productive in Life and Business
In stock (1 available),£43.38,star-rating One,Beyond Good and Evil
In stock (7 available),£42.78,star-rating Four,The Bourne Identity (Jason Bourne #1)
In stock (7 available),£40.20,star-rating Four,Sister Dear
In stock (8 available),£21.96,star-rating Four,Hystopia: A Novel
In stock (14 available),£38.39,star-rating Two,"Naruto (3-in-1 Edition), Vol. 14: Includes Vols. 40, 41 & 42 (Naruto: Omnibus #14)"
In stock (14 available),£47.82,star-rating Three,Robin War
In stock (14 available),£35.43,star-rating Four,"So Cute It Hurts!!, Vol. 6 (So Cute It Hurts!! #6)"
In stock (14 available),£25.48,star-rating Two,"Red Hood/Arsenal, Vol. 1: Open for Business (Red Hood/Arsenal #1)"
In stock (5 available),£32.42,star-rating One,Foundation (Foundation (Publication Order) #1)
In stock (3 available),£10.92,star-rating One,The Restaurant at the End of the Universe (Hitchhiker's Guide to the Galaxy #2)
In stock (3 available),£19.07,star-rating Four,Ready Player One
In stock (3 available),£33.26,star-rating Two,"Life, the Universe and Everything (Hitchhiker's Guide to the Galaxy #3)"
In stock (3 available),£54.86,star-rating One,Dune (Dune #1)
In stock (3 available),£51.48,star-rating One,Do Androids Dream of Electric Sheep? (Blade Runner #1)
In stock (8 available),£51.15,star-rating One,The High Mountains of Portugal
In stock (9 available),£28.03,star-rating One,The Shack
In stock (14 available),£16.28,star-rating Five,Lady Midnight (The Dark Artifices #1)
In stock (14 available),£47.02,star-rating Three,"Hush, Hush (Hush, Hush #1)"
In stock (14 available),£46.91,star-rating Four,"Living Leadership by Insight: A Good Leader Achieves, a Great Leader Builds Monuments"
In stock (14 available),£49.83,star-rating Three,Luckiest Girl Alive
In stock (14 available),£51.51,star-rating Two,Lowriders to the Center of the Earth (Lowriders in Space #2)
In stock (11 available),£45.14,star-rating One,Lies and Other Acts of Love
In stock (11 available),£13.34,star-rating Two,Mothering Sunday
In stock (8 available),£47.13,star-rating One,Kierkegaard: A Christian Missionary to Christians
In stock (5 available),£20.75,star-rating One,Critique of Pure Reason
In stock (7 available),£29.93,star-rating Five,"At The Existentialist Café: Freedom, Being, and apricot cocktails with: Jean-Paul Sartre, Simone de Beauvoir, Albert Camus, Martin Heidegger, Edmund Husserl, Karl Jaspers, Maurice Merleau-Ponty and others"
In stock (2 available),£20.02,star-rating One,"Run, Spot, Run: The Ethics of Keeping Pets"
In stock (1 available),£36.34,star-rating One,The Nicomachean Ethics
In stock (1 available),£25.89,star-rating Two,Meditations
In stock (11 available),£16.34,star-rating Three,Daredevils
In stock (11 available),£48.48,star-rating Three,11/22/63
In stock (12 available),£56.54,star-rating Two,The Dinner Party
In stock (11 available),£59.45,star-rating One,The Improbability of Love
In stock (11 available),£48.74,star-rating One,Sleeping Giants (Themis Files #1)
In stock (11 available),£11.68,star-rating Four,"The Sleep Revolution: Transforming Your Life, One Night at a Time"
In stock (12 available),£41.46,star-rating Four,Furiously Happy: A Funny Book About Horrible Things
In stock (12 available),£21.21,star-rating Three,Snatched: How A Drug Queen Went Undercover for the DEA and Was Kidnapped By Colombian Guerillas
In stock (11 available),£21.36,star-rating Four,Arena
In stock (11 available),£16.89,star-rating Five,"Mother, Can You Not?"
In stock (14 available),£17.03,star-rating Three,Balloon Animals
In stock (12 available),£46.29,star-rating Five,The Silent Sister (Riley MacPherson #1)
In stock (14 available),£39.72,star-rating One,A Man Called Ove
In stock (8 available),£54.21,star-rating One,Proofs of God: Classical Arguments from Tertullian to Barth
In stock (14 available),£11.21,star-rating Five,Dear Mr. Knightley
In stock (14 available),£25.01,star-rating Three,Cometh the Hour (The Clifton Chronicles #6)
In stock (14 available),£36.58,star-rating One,Daily Fantasy Sports
In stock (14 available),£14.39,star-rating Four,Eight Hundred Grapes
In stock (14 available),£46.47,star-rating Three,Every Last Word
In stock (14 available),£57.62,star-rating Five,El Deafo
In stock (14 available),£10.23,star-rating Five,Greek Mythic History
In stock (14 available),£39.50,star-rating Five,Steve Jobs
In stock (11 available),£19.53,star-rating Three,A Mother's Reckoning: Living in the Aftermath of Tragedy
In stock (10 available),£24.57,star-rating Two,"10% Happier: How I Tamed the Voice in My Head, Reduced Stress Without Losing My Edge, and Found Self-Help That Actually Works"
In stock (14 available),£11.89,star-rating Five,Superman Vol. 1: Before Truth (Superman by Gene Luen Yang #1)
In stock (3 available),£41.00,star-rating Five,Inferno (Robert Langdon #4)
In stock (3 available),£22.11,star-rating One,Big Little Lies
In stock (3 available),£49.13,star-rating Five,Crazy Rich Asians (Crazy Rich Asians #1)
In stock (2 available),£16.78,star-rating Three,The Course of Love
In stock (1 available),£34.96,star-rating Four,Having the Barbarian's Baby (Ice Planet Barbarians #7.5)
In stock (1 available),£36.26,star-rating Two,The Last Girl (The Dominion Trilogy #1)
In stock (12 available),£33.26,star-rating Two,The Lonely City: Adventures in the Art of Being Alone
In stock (12 available),£59.90,star-rating Three,The Diary of a Young Girl
In stock (14 available),£51.48,star-rating Three,Angels & Demons (Robert Langdon #1)
In stock (14 available),£32.01,star-rating Two,Batman: Europa
In stock (14 available),£48.80,star-rating Three,Art Ops Vol. 1
In stock (14 available),£31.85,star-rating Three,"Carry On, Warrior: Thoughts on Life Unarmed"
In stock (14 available),£47.27,star-rating One,City of Ashes (The Mortal Instruments #2)
In stock (14 available),£43.28,star-rating One,City of Bones (The Mortal Instruments #1)
In stock (14 available),£46.23,star-rating Two,Carrie
In stock (1 available),£58.99,star-rating Three,Listen to Me (Fusion #1)
In stock (14 available),£11.23,star-rating Four,City of Fallen Angels (The Mortal Instruments #4)
In stock (1 available),£34.74,star-rating Four,Imperfect Harmony
In stock (14 available),£44.14,star-rating One,Clockwork Angel (The Infernal Devices #1)
In stock (3 available),£22.96,star-rating Two,The Da Vinci Code (Robert Langdon #2)
In stock (3 available),£27.41,star-rating One,The Infinities
In stock (3 available),£52.51,star-rating Five,The Husband's Secret
In stock (3 available),£22.10,star-rating One,The Art of Fielding
In stock (3 available),£12.47,star-rating Three,Lila (Gilead #3)
In stock (3 available),£44.97,star-rating One,Jurassic Park (Jurassic Park #1)
In stock (1 available),£47.09,star-rating Five,Deep Under (Walker Security #1)
In stock (1 available),£39.24,star-rating Three,Fighting Fate (Fighting #6)
In stock (13 available),£13.33,star-rating Three,"The Three Searches, Meaning, and the Story"
In stock (14 available),£10.90,star-rating Two,"Adulthood Is a Myth: A ""Sarah's Scribbles"" Collection"
In stock (1 available),£41.24,star-rating One,Charity's Cross (Charles Towne Belles #4)
In stock (1 available),£37.26,star-rating Four,Bounty (Colorado Mountain #7)
In stock (3 available),£44.84,star-rating Five,The Book of Basketball: The NBA According to The Sports Guy
In stock (3 available),£51.22,star-rating Three,"Friday Night Lights: A Town, a Team, and a Dream"
In stock (2 available),£24.42,star-rating One,Sugar Rush (Offensive Line #2)
In stock (15 available),£29.99,star-rating Five,Frostbite (Vampire Academy #2)
In stock (3 available),£21.07,star-rating Five,Voyager (Outlander #3)
In stock (3 available),£11.10,star-rating Three,Reservations for Two
In stock (4 available),£26.77,star-rating One,Girl With a Pearl Earring
In stock (5 available),£34.22,star-rating Five,Siddhartha
In stock (5 available),£59.98,star-rating Three,Last One Home (New Beginnings #1)
In stock (5 available),£58.00,star-rating Five,Digital Fortress
In stock (4 available),£26.58,star-rating Five,Atlas Shrugged
In stock (3 available),£23.21,star-rating Three,Three-Martini Lunch
In stock (3 available),£26.26,star-rating Four,The Nightingale
In stock (1 available),£39.77,star-rating Three,Where Lightning Strikes (Bleeding Stars #3)
In stock (3 available),£27.41,star-rating Two,Best of My Love (Fool's Gold #20)
In stock (1 available),£48.71,star-rating One,This One Moment (Pushing Limits #1)
In stock (3 available),£35.66,star-rating Five,The Red Tent
In stock (1 available),£38.92,star-rating Two,My Perfect Mistake (Over the Top #1)
In stock (3 available),£55.55,star-rating Two,The Last Painting of Sara de Vos
In stock (1 available),£28.34,star-rating Two,"Rhythm, Chord & Malykhin"
In stock (4 available),£59.99,star-rating Three,The Perfect Play (Play by Play #1)
In stock (12 available),£58.32,star-rating Five,How to Speak Golf: An Illustrated Guide to Links Lingo
In stock (12 available),£54.65,star-rating Four,No Love Allowed (Dodge Cove #1)
In stock (9 available),£33.95,star-rating Four,"Fruits Basket, Vol. 9 (Fruits Basket #9)"
In stock (8 available),£14.10,star-rating Five,Roller Girl
In stock (4 available),£56.43,star-rating One,A Walk to Remember
In stock (3 available),£12.25,star-rating One,The Purest Hook (Second Circle Tattoos #3)
In stock (2 available),£11.75,star-rating Three,"Saga, Volume 2 (Saga (Collected Editions) #2)"
In stock (2 available),£11.64,star-rating Five,"Fruits Basket, Vol. 2 (Fruits Basket #2)"
In stock (5 available),£24.73,star-rating Three,The Little Paris Bookshop
In stock (6 available),£40.32,star-rating Four,Deception Point
In stock (5 available),£45.56,star-rating Three,The Firm
In stock (5 available),£44.58,star-rating Two,The Expatriates
In stock (3 available),£45.43,star-rating One,The Obsession
In stock (12 available),£49.67,star-rating Four,Raspberry Pi Electronics Projects for the Evil Genius
In stock (12 available),£15.71,star-rating Four,One with You (Crossfire #5)
In stock (4 available),£12.87,star-rating One,Dark Lover (Black Dagger Brotherhood #1)
In stock (12 available),£11.88,star-rating Three,The Children
In stock (12 available),£59.15,star-rating Four,The Gray Rhino: How to Recognize and Act on the Obvious Dangers We Ignore
In stock (15 available),£57.36,star-rating Four,I Had a Nice Time And Other Lies...: How to find love & sh*t like that
In stock (4 available),£13.38,star-rating Three,Changing the Game (Play by Play #2)
In stock (3 available),£55.46,star-rating Two,Midnight Riot (Peter Grant/ Rivers of London - books #1)
In stock (11 available),£48.39,star-rating Two,Troublemaker: Surviving Hollywood and Scientology
In stock (3 available),£43.87,star-rating Three,Eragon (The Inheritance Cycle #1)
In stock (3 available),£44.07,star-rating Four,Heir to the Sky
In stock (12 available),£56.51,star-rating Five,Eleanor & Park
In stock (3 available),£42.72,star-rating One,"Grayson, Vol 3: Nemesis (Grayson #3)"
In stock (3 available),£38.02,star-rating Two,Awkward
In stock (3 available),£49.31,star-rating One,"Black Butler, Vol. 1 (Black Butler #1)"
In stock (3 available),£31.45,star-rating Three,Original Fake
In stock (3 available),£45.17,star-rating Two,"Fruits Basket, Vol. 3 (Fruits Basket #3)"
In stock (3 available),£56.02,star-rating One,Darkfever (Fever #1)
In stock (2 available),£54.81,star-rating One,"The Sandman, Vol. 2: The Doll's House (The Sandman (volumes) #2)"
In stock (3 available),£22.06,star-rating Four,Ash
In stock (3 available),£31.22,star-rating Two,A Storm of Swords (A Song of Ice and Fire #3)
In stock (16 available),£21.96,star-rating One,Fifty Shades Darker (Fifty Shades #2)
In stock (16 available),£43.29,star-rating Three,Crown of Midnight (Throne of Glass #2)
In stock (12 available),£13.86,star-rating Three,Will You Won't You Want Me?
In stock (16 available),£15.97,star-rating Four,First and First (Five Boroughs #3)
In stock (16 available),£29.69,star-rating Three,Forever and Forever: The Courtship of Henry Longfellow and Fanny Appleton
In stock (16 available),£33.97,star-rating One,Her Backup Boyfriend (The Sorensen Family #1)
In stock (15 available),£36.00,star-rating Two,The Psychopath Test: A Journey Through the Madness Industry
In stock (4 available),£28.23,star-rating Two,The Geography of Bliss: One Grump's Search for the Happiest Places in the World
In stock (11 available),£20.88,star-rating Five,Adultery
In stock (3 available),£31.95,star-rating Three,We the People: The Modern-Day Figures Who Have Reshaped and Affirmed the Founding Fathers' Vision of America
In stock (3 available),£50.66,star-rating Three,Very Good Lives: The Fringe Benefits of Failure and the Importance of Imagination
In stock (11 available),£51.34,star-rating Four,"Exit, Pursued by a Bear"
In stock (4 available),£27.80,star-rating One,God Is Not Great: How Religion Poisons Everything
In stock (3 available),£58.09,star-rating One,"Unstuffed: Decluttering Your Home, Mind, and Soul"
In stock (4 available),£50.44,star-rating Four,"Fruits Basket, Vol. 4 (Fruits Basket #4)"
In stock (3 available),£55.55,star-rating Five,"The Sandman, Vol. 3: Dream Country (The Sandman (volumes) #3)"
In stock (3 available),£21.57,star-rating Five,"Saga, Volume 3 (Saga (Collected Editions) #3)"
In stock (3 available),£14.41,star-rating Three,"The Wicked + The Divine, Vol. 3: Commercial Suicide (The Wicked + The Divine)"
In stock (3 available),£30.00,star-rating One,Under the Banner of Heaven: A Story of Violent Faith
In stock (3 available),£43.63,star-rating Three,Prodigy: The Graphic Novel (Legend: The Graphic Novel #2)
In stock (4 available),£49.45,star-rating Five,Paper and Fire (The Great Library #2)
In stock (3 available),£39.13,star-rating One,Persepolis: The Story of a Childhood (Persepolis #1-2)
In stock (4 available),£31.63,star-rating Four,Harry Potter and the Order of the Phoenix (Harry Potter #5)
In stock (4 available),£48.75,star-rating Five,Harry Potter and the Half-Blood Prince (Harry Potter #6)
In stock (4 available),£14.74,star-rating One,Harry Potter and the Chamber of Secrets (Harry Potter #2)
In stock (3 available),£58.64,star-rating Four,The Rose & the Dagger (The Wrath and the Dawn #2)
In stock (15 available),£23.15,star-rating Two,The Emerald Mystery
In stock (15 available),£55.02,star-rating Two,The Girl on the Train
In stock (3 available),£24.72,star-rating Two,Soldier (Talon #3)
In stock (15 available),£41.82,star-rating Four,The Kite Runner
In stock (9 available),£33.23,star-rating One,Don't Forget Steven
In stock (9 available),£10.41,star-rating Four,"NaNo What Now? Finding your editing process, revising your NaNoWriMo book and building a writing career through publishing and beyond"
In stock (9 available),£47.44,star-rating Two,Modern Day Fables
In stock (9 available),£54.40,star-rating One,The Alien Club
In stock (9 available),£16.68,star-rating Two,The Flowers Lied
In stock (9 available),£11.82,star-rating Two,Underlying Notes
In stock (9 available),£44.05,star-rating Five,The New Brand You: Your New Image Makes the Sale for You
In stock (5 available),£57.74,star-rating Four,The Raven Boys (The Raven Cycle #1)
In stock (5 available),£56.00,star-rating Five,The False Prince (The Ascendance Trilogy #1)
In stock (5 available),£45.51,star-rating Three,Tell the Wind and Fire
In stock (5 available),£17.21,star-rating Four,A Feast for Crows (A Song of Ice and Fire #4)
In stock (4 available),£52.11,star-rating Two,The Demonists (Demonist #1)
In stock (4 available),£46.08,star-rating Five,The Beast (Black Dagger Brotherhood #14)
In stock (7 available),£19.57,star-rating One,"Fruits Basket, Vol. 7 (Fruits Basket #7)"
In stock (6 available),£20.96,star-rating Four,"Fruits Basket, Vol. 6 (Fruits Basket #6)"
In stock (6 available),£36.39,star-rating Three,"Death Note, Vol. 6: Give-and-Take (Death Note #6)"
In stock (5 available),£16.33,star-rating One,"Fruits Basket, Vol. 5 (Fruits Basket #5)"
In stock (4 available),£27.88,star-rating Two,"The Demon Prince of Momochi House, Vol. 4 (The Demon Prince of Momochi House #4)"
In stock (5 available),£52.41,star-rating One,"Death Note, Vol. 5: Whiteout (Death Note #5)"
In stock (9 available),£58.87,star-rating Four,Unlimited Intuition Now
In stock (9 available),£48.27,star-rating Five,Without Shame
In stock (9 available),£58.05,star-rating Four,Watchmen
In stock (5 available),£48.67,star-rating Two,Why Save the Bankers?: And Other Essays on Our Economic and Political Crisis
In stock (8 available),£28.93,star-rating One,South of Sunshine
In stock (8 available),£43.62,star-rating Five,The Unlikely Pilgrimage of Harold Fry (Harold Fry #1)
In stock (8 available),£41.39,star-rating Two,The Martian (The Martian #1)
In stock (9 available),£35.79,star-rating Two,23 Degrees South: A Tropical Tale of Changing Whether...
In stock (5 available),£25.15,star-rating Four,Talking to Girls About Duran Duran: One Young Man's Quest for True Love and a Cooler Haircut
In stock (9 available),£50.49,star-rating Three,A Hero's Curse (The Unseen Chronicles #1)
In stock (5 available),£31.63,star-rating Four,My Mother Was Nuts
In stock (5 available),£11.05,star-rating Five,The Power Greens Cookbook: 140 Delicious Superfood Recipes
In stock (5 available),£24.91,star-rating Five,Mexican Today: New and Rediscovered Recipes for Contemporary Kitchens
In stock (6 available),£48.51,star-rating Three,Mere Christianity
In stock (6 available),£56.59,star-rating Four,Fun Home: A Family Tragicomic
In stock (3 available),£13.66,star-rating Two,Vegan Vegetarian Omnivore: Dinner for Everyone at the Table
In stock (3 available),£23.59,star-rating One,The Smitten Kitchen Cookbook
In stock (3 available),£34.32,star-rating Three,"The Art of Simple Food: Notes, Lessons, and Recipes from a Delicious Revolution"
In stock (3 available),£33.14,star-rating Three,Hungry Girl Clean & Hungry: Easy All-Natural Recipes for Healthy Eating in the Real World
In stock (8 available),£13.20,star-rating Three,"A Murder Over a Girl: Justice, Gender, Junior High"
In stock (7 available),£45.13,star-rating Three,For the Love: Fighting for Grace in a World of Impossible Standards
In stock (7 available),£46.64,star-rating Two,Finding God in the Ruins: How God Redeems Pain
In stock (5 available),£22.37,star-rating One,Find Her (Detective D.D. Warren #8)
In stock (5 available),£30.57,star-rating Two,The Raven King (The Raven Cycle #4)
In stock (6 available),£59.45,star-rating Four,The Man Who Mistook His Wife for a Hat and Other Clinical Tales
In stock (6 available),£42.14,star-rating Three,"Girl, Interrupted"
In stock (6 available),£49.98,star-rating Four,In Cold Blood
In stock (8 available),£56.48,star-rating One,I'll Give You the Sun
In stock (4 available),£24.17,star-rating Four,Harry Potter and the Prisoner of Azkaban (Harry Potter #3)
In stock (7 available),£46.01,star-rating Four,How to Cook Everything Vegetarian: Simple Meatless Recipes for Great Food (How to Cook Everything)
In stock (7 available),£28.25,star-rating Two,How to Be a Domestic Goddess: Baking and the Art of Comfort Cooking
In stock (6 available),£59.92,star-rating Five,The Barefoot Contessa Cookbook
In stock (3 available),£32.36,star-rating Three,Walk the Edge (Thunder Road #2)
In stock (6 available),£39.61,star-rating Three,Better Homes and Gardens New Cook Book
In stock (7 available),£57.43,star-rating Four,John Adams
In stock (7 available),£37.05,star-rating Five,Good in Bed (Cannie Shapiro #1)
In stock (1 available),£12.34,star-rating Five,The Silent Wife
In stock (1 available),£30.66,star-rating Three,The Bette Davis Club
In stock (1 available),£57.20,star-rating Five,Kitchens of the Great Midwest
In stock (1 available),£39.07,star-rating Five,Bright Lines
In stock (8 available),£56.91,star-rating Four,Between the World and Me
In stock (8 available),£55.06,star-rating Four,Being Mortal: Medicine and What Matters in the End
In stock (6 available),£43.27,star-rating Four,The Joy of Cooking
In stock (6 available),£18.77,star-rating One,The Golden Compass (His Dark Materials #1)
In stock (6 available),£46.85,star-rating Three,The God Delusion
In stock (6 available),£19.27,star-rating Four,Pride and Prejudice
In stock (7 available),£12.16,star-rating Five,Every Heart a Doorway (Every Heart A Doorway #1)
In stock (8 available),£36.39,star-rating Five,My Life Next Door (My Life Next Door )
In stock (8 available),£40.72,star-rating Two,Left Behind (Left Behind #1)
In stock (8 available),£20.22,star-rating Four,John Vassos: Industrial Design for Modern Life
In stock (5 available),£11.33,star-rating Five,The Darkest Corners
In stock (5 available),£41.81,star-rating One,Tell Me Three Things
In stock (5 available),£23.63,star-rating Four,Lola and the Boy Next Door (Anna and the French Kiss #2)
In stock (7 available),£16.24,star-rating One,The Glass Castle
In stock (7 available),£20.12,star-rating Five,Team of Rivals: The Political Genius of Abraham Lincoln
In stock (5 available),£48.13,star-rating Five,Isla and the Happily Ever After (Anna and the French Kiss #3)
In stock (7 available),£35.67,star-rating Three,The Drowning Girls
In stock (1 available),£45.24,star-rating Three,"Hawkeye, Vol. 1: My Life as a Weapon (Hawkeye #1)"
In stock (1 available),£34.65,star-rating Five,"Bleach, Vol. 1: Strawberry and the Soul Reapers (Bleach #1)"
In stock (5 available),£15.52,star-rating Five,Kill the Boy Band
In stock (1 available),£57.06,star-rating Four,"Ajin: Demi-Human, Volume 1 (Ajin: Demi-Human #1)"
In stock (5 available),£10.00,star-rating Five,An Abundance of Katherines
In stock (1 available),£51.96,star-rating Three,When I'm Gone
In stock (1 available),£56.76,star-rating Four,"Giant Days, Vol. 1 (Giant Days #1-4)"
In stock (1 available),£40.28,star-rating Five,"Fruits Basket, Vol. 1 (Fruits Basket #1)"
In stock (7 available),£22.14,star-rating Two,Wildlife of New York: A Five-Borough Coloring Book
In stock (7 available),£50.35,star-rating Four,Nightstruck: A Novel
In stock (8 available),£43.64,star-rating One,Ender's Game (The Ender Quintet #1)
In stock (5 available),£47.31,star-rating Four,"Will Grayson, Will Grayson (Will Grayson, Will Grayson)"
In stock (6 available),£50.96,star-rating Two,Tell the Wolves I'm Home
In stock (5 available),£41.73,star-rating Four,Where She Went (If I Stay #2)
In stock (7 available),£34.72,star-rating One,The Year of Living Biblically: One Man's Humble Quest to Follow the Bible as Literally as Possible
In stock (8 available),£37.51,star-rating Four,Death by Leisure: A Cautionary Tale
In stock (1 available),£42.12,star-rating Three,"Skip Beat!, Vol. 01 (Skip Beat! #1)"
In stock (1 available),£28.48,star-rating One,"Saga, Volume 1 (Saga (Collected Editions) #1)"
In stock (1 available),£46.96,star-rating Five,"Rat Queens, Vol. 1: Sass & Sorcery (Rat Queens (Collected Editions) #1-5)"
In stock (1 available),£21.71,star-rating Four,"Paper Girls, Vol. 1 (Paper Girls #1-5)"
In stock (1 available),£29.87,star-rating Three,"Ouran High School Host Club, Vol. 1 (Ouran High School Host Club #1)"
In stock (8 available),£55.65,star-rating Five,Future Shock (Future Shock #1)
In stock (1 available),£39.39,star-rating Four,"Ms. Marvel, Vol. 1: No Normal (Ms. Marvel (2014-2015) #1)"
In stock (7 available),£44.81,star-rating Four,A Gathering of Shadows (Shades of Magic #2)
In stock (8 available),£52.86,star-rating Two,Heaven is for Real: A Little Boy's Astounding Story of His Trip to Heaven and Back
In stock (5 available),£32.35,star-rating Three,"Data, A Love Story: How I Gamed Online Dating to Meet My Match"
In stock (4 available),£38.71,star-rating Three,The Jazz of Physics: The Secret Link Between Music and the Structure of the Universe
In stock (4 available),£16.81,star-rating Four,The Gunning of America: Business and the Making of American Gun Culture
In stock (15 available),£32.00,star-rating Three,The Bridge to Consciousness: I'm Writing the Bridge Between Science and Our Old and New Beliefs.
In stock (5 available),£14.64,star-rating One,Two Summers
In stock (3 available),£49.47,star-rating Three,The Girl with All the Gifts
In stock (3 available),£54.89,star-rating One,House of Leaves
In stock (3 available),£46.83,star-rating Two,Girl in the Blue Coat
In stock (16 available),£14.86,star-rating Two,Obsidian (Lux #1)
In stock (16 available),£56.40,star-rating Two,Masks and Shadows
In stock (16 available),£14.07,star-rating Three,On a Midnight Clear
In stock (16 available),£10.16,star-rating Three,Patience
In stock (16 available),£18.97,star-rating One,"Pop Gun War, Volume 1: Gift"
In stock (7 available),£20.90,star-rating Two,Steal Like an Artist: 10 Things Nobody Told You About Being Creative
In stock (7 available),£33.17,star-rating Four,The 7 Habits of Highly Effective People: Powerful Lessons in Personal Change
In stock (1 available),£27.89,star-rating Five,The Haters
In stock (1 available),£40.83,star-rating Four,The Art of Not Breathing
In stock (1 available),£18.51,star-rating Four,"Y: The Last Man, Vol. 1: Unmanned (Y: The Last Man #1)"
In stock (1 available),£36.52,star-rating Two,"The Wicked + The Divine, Vol. 1: The Faust Act (The Wicked + The Divine)"
In stock (1 available),£54.12,star-rating Three,"The Sandman, Vol. 1: Preludes and Nocturnes (The Sandman (volumes) #1)"
In stock (1 available),£10.64,star-rating Three,The Complete Maus (Maus #1-2)
In stock (7 available),£36.05,star-rating Four,The Great Gatsby
In stock (7 available),£49.03,star-rating Three,The Good Girl
In stock (16 available),£13.61,star-rating Five,"Princess Jellyfish 2-in-1 Omnibus, Vol. 01 (Princess Jellyfish 2-in-1 Omnibus #1)"
In stock (16 available),£13.34,star-rating Five,Princess Between Worlds (Wide-Awake Princess #5)
In stock (3 available),£48.96,star-rating Five,Something Borrowed (Darcy & Rachel #1)
In stock (3 available),£54.62,star-rating One,Something Blue (Darcy & Rachel #2)
In stock (16 available),£51.04,star-rating Two,"Saga, Volume 5 (Saga (Collected Editions) #5)"
In stock (16 available),£25.02,star-rating Three,"Saga, Volume 6 (Saga (Collected Editions) #6)"
In stock (16 available),£39.25,star-rating Two,Security
In stock (16 available),£39.58,star-rating Two,Soul Reader
In stock (16 available),£19.73,star-rating One,The Age of Genius: The Seventeenth Century and the Birth of the Modern Mind
In stock (16 available),£40.76,star-rating Three,The Art Forger
In stock (16 available),£58.11,star-rating Four,The Death of Humanity: and the Case for Life
In stock (16 available),£20.59,star-rating Five,"The Inefficiency Assassin: Time Management Tactics for Working Smarter, Not Longer"
In stock (3 available),£26.66,star-rating Five,Gratitude
In stock (3 available),£42.21,star-rating Four,Golden (Heart of Dread #3)
In stock (3 available),£21.12,star-rating Three,Boy Meets Boy
In stock (3 available),£26.09,star-rating One,Cinder (The Lunar Chronicles #1)
In stock (3 available),£36.83,star-rating Five,Annie on My Mind
In stock (2 available),£12.86,star-rating Four,New Moon (Twilight #2)
In stock (2 available),£53.47,star-rating One,Girl Online On Tour (Girl Online #2)
In stock (3 available),£15.28,star-rating Five,Disrupted: My Misadventure in the Start-Up Bubble
In stock (3 available),£28.88,star-rating Two,I Am Malala: The Girl Who Stood Up for Education and Was Shot by the Taliban
In stock (3 available),£51.32,star-rating Five,Brave Enough
In stock (3 available),£21.74,star-rating Five,Blink: The Power of Thinking Without Thinking
In stock (3 available),£27.35,star-rating Two,"Born to Run: A Hidden Tribe, Superathletes, and the Greatest Race the World Has Never Seen"
In stock (16 available),£23.89,star-rating Four,"The Mindfulness and Acceptance Workbook for Anxiety: A Guide to Breaking Free from Anxiety, Phobias, and Worry Using Acceptance and Commitment Therapy"
In stock (7 available),£13.22,star-rating Four,Life of Pi
In stock (16 available),£42.96,star-rating Four,The Most Perfect Thing: Inside (and Outside) a Bird's Egg
In stock (16 available),£38.16,star-rating Four,The Nameless City (The Nameless City #1)
In stock (3 available),£22.20,star-rating One,Letter to a Christian Nation
In stock (3 available),£45.11,star-rating One,Let's Pretend This Never Happened: A Mostly True Memoir
In stock (3 available),£42.38,star-rating One,It's Never Too Late to Begin Again: Discovering Creativity and Meaning at Midlife and Beyond
In stock (3 available),£56.70,star-rating Five,Into the Wild
In stock (7 available),£10.01,star-rating Four,The Origin of Species
In stock (3 available),£28.85,star-rating Three,"In the Garden of Beasts: Love, Terror, and an American Family in Hitler's Berlin"
In stock (3 available),£32.74,star-rating Two,Two Boys Kissing
In stock (3 available),£44.92,star-rating Three,The New Guy (and Other Senior Year Distractions)
In stock (3 available),£57.83,star-rating One,"Miracles from Heaven: A Little Girl, Her Journey to Heaven, and Her Amazing Story of Healing"
In stock (3 available),£29.64,star-rating Four,"The Land of 10,000 Madonnas"
In stock (3 available),£14.57,star-rating Four,Scarlet (The Lunar Chronicles #2)
In stock (3 available),£43.69,star-rating Four,Legend (Legend #1)
In stock (5 available),£13.76,star-rating Three,The Grand Design
In stock (3 available),£53.04,star-rating Five,Lady Renegades (Rebel Belle #3)
In stock (5 available),£15.08,star-rating Four,The Secret Garden
In stock (6 available),£10.27,star-rating Two,The Fellowship of the Ring (The Lord of the Rings #1)
In stock (6 available),£57.84,star-rating Five,The Sound Of Love
In stock (6 available),£31.58,star-rating Two,The Makings of a Fatherless Child
In stock (6 available),£55.02,star-rating Three,The Perks of Being a Wallflower
In stock (6 available),£17.80,star-rating Five,The Hobbit (Middle-Earth Universe)
In stock (3 available),£49.51,star-rating One,Spilled Milk: Based on a True Story
In stock (3 available),£41.67,star-rating Four,"Rise of the Rocket Girls: The Women Who Propelled Us, from Missiles to the Moon to Mars"
In stock (1 available),£29.38,star-rating One,The Mirror & the Maze (The Wrath and the Dawn #1.5)
In stock (1 available),£13.33,star-rating Three,Sister Sable (The Mad Queen #1)
In stock (1 available),£58.75,star-rating Four,Myriad (Prentor #1)
In stock (1 available),£52.94,star-rating Two,One Second (Seven #7)
In stock (1 available),£28.99,star-rating One,Origins (Alphas 0.5)
In stock (3 available),£36.74,star-rating Three,Stiff: The Curious Lives of Human Cadavers
In stock (1 available),£21.72,star-rating Four,Shadow Rites (Jane Yellowrock #10)
In stock (3 available),£14.16,star-rating One,Outliers: The Story of Success
In stock (3 available),£40.17,star-rating One,Notes from a Small Island (Notes From a Small Island #1)
In stock (3 available),£13.51,star-rating One,Night (The Night Trilogy #1)
In stock (16 available),£45.22,star-rating Three,The Natural History of Us (The Fine Art of Pretending #2)
In stock (6 available),£30.60,star-rating Three,Ship Leaves Harbor: Essays on Travel by a Recovering Journeyman
In stock (6 available),£46.58,star-rating One,Musicophilia: Tales of Music and the Brain
In stock (16 available),£56.41,star-rating One,"The Pioneer Woman Cooks: Dinnertime: Comfort Classics, Freezer Food, 16-Minute Meals, and Other Delicious Ways to Solve Supper!"
In stock (16 available),£56.50,star-rating Four,The Past Never Ends
In stock (3 available),£34.98,star-rating Two,Manuscript Found in Accra
In stock (3 available),£21.28,star-rating Four,Fire Bound (Sea Haven/Sisters of the Heart #5)
In stock (3 available),£50.96,star-rating One,#GIRLBOSS
In stock (3 available),£36.17,star-rating Two,Cosmos
In stock (1 available),£53.82,star-rating Two,Vampire Girl (Vampire Girl #1)
In stock (1 available),£16.16,star-rating One,The Iliad
In stock (1 available),£36.25,star-rating Three,The Silent Twin (Detective Jennifer Knight #3)
In stock (1 available),£14.76,star-rating Three,The Communist Manifesto
In stock (1 available),£54.43,star-rating One,The Light of the Fireflies
In stock (1 available),£24.89,star-rating Three,Lord of the Flies
In stock (3 available),£53.51,star-rating One,"Trespassing Across America: One Man's Epic, Never-Done-Before (and Sort of Illegal) Hike Across the Heartland"
In stock (16 available),£56.13,star-rating One,The Secret of Dreadwillow Carse
In stock (3 available),£37.25,star-rating Two,The Name of God is Mercy
In stock (16 available),£17.27,star-rating Five,Thirst
In stock (16 available),£19.09,star-rating One,The Torch Is Passed: A Harding Family Story
In stock (16 available),£19.49,star-rating Four,This One Summer
In stock (5 available),£47.22,star-rating One,The Fault in Our Stars
In stock (5 available),£53.68,star-rating Four,What If?: Serious Scientific Answers to Absurd Hypothetical Questions
In stock (16 available),£31.12,star-rating Three,Throwing Rocks at the Google Bus: How Growth Became the Enemy of Prosperity
In stock (16 available),£16.28,star-rating One,Tsubasa: WoRLD CHRoNiCLE 2 (Tsubasa WoRLD CHRoNiCLE #2)
In stock (16 available),£25.52,star-rating One,"Unbound: How Eight Technologies Made Us Human, Transformed Society, and Brought Our World to the Brink"
In stock (16 available),£18.78,star-rating Three,Unicorn Tracks
In stock (1 available),£33.78,star-rating Three,The Republic
In stock (2 available),£31.38,star-rating Three,The Sense of an Ending
In stock (1 available),£29.64,star-rating Three,The Odyssey
In stock (3 available),£24.55,star-rating One,The Catcher in the Rye
In stock (3 available),£53.71,star-rating Five,The Blind Side: Evolution of a Game
In stock (3 available),£47.84,star-rating One,The Case for Christ (Cases for Christianity)
In stock (3 available),£52.33,star-rating Two,Seven Days in the Art World
In stock (3 available),£46.29,star-rating One,Sarah's Key
In stock (3 available),£50.11,star-rating Three,Rogue Lawyer (Rogue Lawyer #1)
In stock (16 available),£44.18,star-rating Four,"Unseen City: The Majesty of Pigeons, the Discreet Charm of Snails & Other Wonders of the Urban Wilderness"
In stock (16 available),£14.27,star-rating Four,Untitled Collection: Sabbath Poems 2014
In stock (16 available),£50.27,star-rating Five,"We Love You, Charlie Freeman"
In stock (16 available),£31.77,star-rating One,When We Collided
In stock (17 available),£23.11,star-rating Five,#HigherSelfie: Wake Up Your Life. Free Your Soul. Find Your Tribe.
In stock (16 available),£45.07,star-rating Two,Without Borders (Wanderlove #1)
In stock (17 available),£47.61,star-rating Five,Private Paris (Private #10)
In stock (5 available),£16.23,star-rating Five,Shiver (The Wolves of Mercy Falls #1)
In stock (5 available),£11.48,star-rating Three,Remember Me?
In stock (5 available),£11.83,star-rating Two,The 5th Wave (The 5th Wave #1)
In stock (5 available),£34.50,star-rating One,The Dream Thieves (The Raven Cycle #2)
In stock (17 available),£26.41,star-rating Two,Reasons to Stay Alive
In stock (17 available),£57.31,star-rating Three,Slow States of Collapse: Poems
In stock (3 available),£37.19,star-rating Three,The Purpose Driven Life: What on Earth Am I Here for?
In stock (3 available),£34.77,star-rating One,The Rest Is Noise: Listening to the Twentieth Century
In stock (3 available),£47.80,star-rating Three,The Hitchhiker's Guide to the Galaxy (Hitchhiker's Guide to the Galaxy #1)
In stock (19 available),£54.64,star-rating Three,Birdsong: A Story in Pictures
In stock (3 available),£57.48,star-rating One,The Girl Who Kicked the Hornet's Nest (Millennium Trilogy #3)
In stock (3 available),£22.13,star-rating Four,"The End of Faith: Religion, Terror, and the Future of Reason"
In stock (19 available),£34.53,star-rating Five,Black Dust
In stock (3 available),£41.32,star-rating Five,The Complete Poems
In stock (19 available),£25.27,star-rating Five,Chase Me (Paris Nights #2)
In stock (19 available),£30.52,star-rating Three,"Foolproof Preserving: A Guide to Small Batch Jams, Jellies, Pickles, Condiments, and More: A Foolproof Guide to Making Small Batch Jams, Jellies, Pickles, Condiments, and More"
In stock (9 available),£52.98,star-rating Five,The Art and Science of Low Carbohydrate Living
In stock (19 available),£37.32,star-rating Two,How Music Works
In stock (19 available),£12.84,star-rating One,In Her Wake
In stock (10 available),£49.71,star-rating Five,10-Day Green Smoothie Cleanse: Lose Up to 15 Pounds in 10 Days!
In stock (14 available),£54.07,star-rating Two,"Eat Fat, Get Thin"
In stock (16 available),£49.05,star-rating Three,"The Bulletproof Diet: Lose up to a Pound a Day, Reclaim Energy and Focus, Upgrade Your Life"
In stock (5 available),£42.27,star-rating One,Evicted: Poverty and Profit in the American City
In stock (5 available),£38.70,star-rating Two,Drama
In stock (5 available),£34.13,star-rating Five,"Blue Lily, Lily Blue (The Raven Cycle #3)"
In stock (5 available),£10.79,star-rating Three,A Clash of Kings (A Song of Ice and Fire #2)
In stock (5 available),£46.42,star-rating Two,A Game of Thrones (A Song of Ice and Fire #1)
In stock (3 available),£10.02,star-rating Two,The Tipping Point: How Little Things Can Make a Big Difference
In stock (5 available),£16.96,star-rating One,Fool Me Once
In stock (5 available),£23.32,star-rating One,Harry Potter and the Deathly Hallows (Harry Potter #7)
In stock (5 available),£38.13,star-rating Five,If I Stay (If I Stay #1)
In stock (5 available),£36.55,star-rating Two,I Know Why the Caged Bird Sings (Maya Angelou's Autobiography #1)
In stock (19 available),£22.65,star-rating One,The Requiem Red
In stock (19 available),£22.60,star-rating Four,The Boys in the Boat: Nine Americans and Their Epic Quest for Gold at the 1936 Berlin Olympics
In stock (12 available),£56.86,star-rating One,Equal Is Unfair: America's Misguided Fight Against Income Inequality
In stock (19 available),£33.34,star-rating Four,The Dirty Little Secrets of Getting Your Dream Job
In stock (14 available),£52.65,star-rating Four,Why the Right Went Wrong: Conservatism--From Goldwater to the Tea Party and Beyond
In stock (19 available),£17.93,star-rating Three,"The Coming Woman: A Novel Based on the Life of the Infamous Feminist, Victoria Woodhull"
In stock (4 available),£27.88,star-rating Three,The Shining (The Shining #1)
In stock (4 available),£29.85,star-rating Five,The Hunger Games (The Hunger Games #1)
In stock (4 available),£52.35,star-rating Four,Vogue Colors A to Z: A Fashion Coloring Book
In stock (5 available),£58.59,star-rating Four,Alight (The Generations Trilogy #2)
In stock (2 available),£34.00,star-rating Three,Kindle Paperwhite User's Guide
In stock (2 available),£57.42,star-rating Five,H is for Hawk
In stock (1 available),£57.82,star-rating Five,Travels with Charley: In Search of America
In stock (1 available),£41.56,star-rating Five,The Tumor
In stock (1 available),£51.32,star-rating Three,"Eat, Pray, Love"
In stock (1 available),£14.40,star-rating One,The End of the Jesus Era (An Investigation #1)
In stock (4 available),£13.90,star-rating Three,Harry Potter and the Sorcerer's Stone (Harry Potter #1)
In stock (4 available),£19.67,star-rating Five,Outlander (Outlander #1)
In stock (4 available),£20.44,star-rating Four,Mockingjay (The Hunger Games #3)
In stock (3 available),£56.58,star-rating One,Are We Smart Enough to Know How Smart Animals Are?
In stock (2 available),£11.89,star-rating Two,"The Suffragettes (Little Black Classics, #96)"
In stock (3 available),£30.48,star-rating Four,A Walk in the Woods: Rediscovering America on the Appalachian Trail
In stock (3 available),£40.87,star-rating One,Black Flags: The Rise of ISIS
In stock (3 available),£18.13,star-rating One,"Where'd You Go, Bernadette"
In stock (3 available),£21.80,star-rating One,World War Z: An Oral History of the Zombie War
In stock (3 available),£46.02,star-rating Three,Wild: From Lost to Found on the Pacific Crest Trail
In stock (3 available),£34.77,star-rating One,Zero History (Blue Ant #3)
In stock (4 available),£48.94,star-rating Two,Confessions of a Shopaholic (Shopaholic #1)
In stock (3 available),£41.93,star-rating Two,Twilight (Twilight #1)
In stock (3 available),£36.80,star-rating Three,The Paris Wife
In stock (3 available),£20.93,star-rating One,The Maze Runner (The Maze Runner #1)
In stock (3 available),£58.09,star-rating Two,The Lover's Dictionary
In stock (3 available),£12.30,star-rating One,The Giver (The Giver Quartet #1)
In stock (3 available),£22.14,star-rating Two,The Girl Who Played with Fire (Millennium Trilogy #2)
In stock (3 available),£43.58,star-rating Three,The Goldfinch
In stock (3 available),£52.25,star-rating Four,The Demon-Haunted World: Science as a Candle in the Dark
In stock (3 available),£46.45,star-rating Two,Shopaholic & Baby (Shopaholic #5)
In stock (3 available),£23.43,star-rating Two,The Autobiography of Malcolm X
In stock (3 available),£53.49,star-rating Two,The Book Thief
In stock (3 available),£56.68,star-rating Two,Packing for Mars: The Curious Science of Life in the Void
In stock (3 available),£43.55,star-rating One,Quiet: The Power of Introverts in a World That Can't Stop Talking
In stock (3 available),£32.87,star-rating Two,One for the Money (Stephanie Plum #1)
In stock (3 available),£24.61,star-rating Two,Orange Is the New Black
In stock (3 available),£26.13,star-rating Two,Life After Life
In stock (3 available),£29.40,star-rating One,Morning Star (Red Rising #3)
In stock (3 available),£25.02,star-rating One,"Lean In: Women, Work, and the Will to Lead"
In stock (3 available),£37.60,star-rating Five,Gone Girl
In stock (3 available),£20.11,star-rating Three,Is Everyone Hanging Out Without Me? (And Other Concerns)
In stock (3 available),£39.24,star-rating Five,Dead Wake: The Last Crossing of the Lusitania
In stock (3 available),£38.62,star-rating One,Fellside
In stock (3 available),£17.81,star-rating One,"David and Goliath: Underdogs, Misfits, and the Art of Battling Giants"
In stock (3 available),£18.74,star-rating One,Eclipse (Twilight #3)
In stock (3 available),£52.62,star-rating Three,Dracula
In stock (3 available),£23.90,star-rating Five,Dark Places
In stock (3 available),£35.28,star-rating Five,Breaking Dawn (Twilight #4)
In stock (3 available),£21.55,star-rating Five,Beautiful Creatures (Caster Chronicles #1)
In stock (3 available),£14.08,star-rating Five,A Visit from the Goon Squad
In stock (1 available),£32.36,star-rating Three,On the Road (Duluoz Legend)
In stock (1 available),£38.00,star-rating Two,Frankenstein
In stock (1 available),£38.43,star-rating Five,Jane Eyre
In stock (1 available),£42.40,star-rating One,Shatter Me (Shatter Me #1)
In stock (1 available),£24.96,star-rating One,Paradise Lost (Paradise #1)
In stock (1 available),£18.88,star-rating Two,Taking Shots (Assassins #1)
In stock (1 available),£50.59,star-rating Three,The Name of the Wind (The Kingkiller Chronicle #1)
In stock (1 available),£19.69,star-rating Five,The Zombie Room
